DataMes;Vazao_Media;Vazao_Max;Vazao_Min;Vazao_Total
1934-03-01;21,912391666666664;34,568;15,7525;525,8974
1934-04-01;13,479243333333333;19,1622;11,1195;404,3773
1934-05-01;8,090067741935483;11,4825;5,9308;250,7921
1934-06-01;5,614166666666666;6,2191;5,0968;168,42499999999998
1934-07-01;7,330770967741935;8,0529;5,9308;227,2539
1934-08-01;7,284416129032258;7,7351;6,8108;225,8169
1934-09-01;10,46091;21,8787;6,8108;313,8273
1934-10-01;10,414674193548386;28,7213;5,9308;322,8549
1934-11-01;11,62993;41,9826;4,5673;348,8979
1934-12-01;56,826912903225804;121,3476;16,165;1761,6343
1935-01-01;47,75195483870968;99,6834;25,7045;1480,3106
1935-02-01;85,06015357142857;122,7207;50,5501;2381,6843
1935-03-01;34,608229032258066;53,751;23,763;1072,8551
1935-04-01;41,52486666666667;101,575;24,7267;1245,746
1935-05-01;27,790325806451612;67,9726;18,2866;861,5001
1935-06-01;20,147493333333333;24,7267;16,5816;604,4248
1935-07-01;15,979770967741937;25,7045;13,7497;495,3729
1935-08-01;12,801393548387098;14,9393;10,4066;396,8432
1935-09-01;14,433523333333333;19,1622;11,4825;433,0057
1935-10-01;21,66582258064516;55,7064;11,8498;671,6405
1935-11-01;18,306883333333335;39,6444;12,5972;549,2065
1935-12-01;22,18228387096774;39,0677;12,5972;687,6508
1936-01-01;21,073854838709675;39,6444;11,1195;653,2895
1936-02-01;33,12467931034483;117,2694;7,7351;960,6157000000001
1936-03-01;54,62658064516129;115,9237;35,1193;1693,424
1936-04-01;26,701026666666667;41,9826;21,8787;801,0308
1936-05-01;20,465854838709678;48,0423;15,3439;634,4415
1936-06-01;13,622016666666667;15,3439;12,2214;408,6605
1936-07-01;11,228958064516128;12,2214;10,4066;348,0977
1936-08-01;12,909851612903227;24,7267;10,0568;400,2054
1936-09-01;16,5313;26,6963;11,1195;495,939
1936-10-01;13,1643;27,1974;8,3753;408,0933
1936-11-01;26,64558333333333;70,4958;7,7351;799,3675
1936-12-01;56,500019354838706;138,9982;13,3614;1751,5005999999998
1937-01-01;101,73105161290323;187,2633;54,3999;3153,6626
1937-02-01;58,110889285714286;100,9428;34,02;1627,1049
1937-03-01;36,3802;73,7623;25,7045;1127,7862
1937-04-01;23,695686666666667;32,9338;20,5037;710,8706
1937-05-01;25,356551612903225;57,0243;17,8546;786,0531
1937-06-01;17,70769;25,2138;14,1421;531,2307
1937-07-01;12,249306451612902;14,1421;10,7609;379,7285
1937-08-01;15,320435483870968;16,5816;12,2214;474,9335
1937-09-01;14,08873;16,5816;11,1195;422,6619
1937-10-01;33,97914838709677;90,4614;17,4264;1053,3536
1937-11-01;33,37038666666667;69,4216;20,0528;1001,1116
1937-12-01;82,52094838709678;129,688;33,4752;2558,1494000000002
1938-01-01;62,52006451612903;163,8997;28,7213;1938,122
1938-02-01;62,738125000000004;131,1018;28,7213;1756,6675
1938-03-01;48,88082580645161;111,9276;29,7543;1515,3056
1938-04-01;27,489086666666665;54,3999;22,8136;824,6726
1938-05-01;25,648687096774193;59,6943;20,5037;795,1093
1938-06-01;18,339726666666667;20,9584;16,165;550,1918000000001
1938-07-01;19,36006129032258;21,4167;14,9393;600,1619
1938-08-01;18,736148387096776;22,8136;15,7525;580,8206
1938-09-01;21,388136666666664;50,5501;14,9393;641,6441
1938-10-01;33,73415483870968;104,1216;13,3614;1045,7588
1938-11-01;34,667606666666664;63,0951;22,8136;1040,0282
1938-12-01;73,30599677419356;181,4983;36,7923;2272,4859
1939-01-01;67,63850967741935;136,8244;36,2314;2096,7938
1939-02-01;59,6986;144,1289;41,3934;1671,5608
1939-03-01;31,722396774193548;40,8073;26,1986;983,3943
1939-04-01;29,350696666666668;48,0423;23,2865;880,5209
1939-05-01;21,909329032258064;36,2314;18,2866;679,1892
1939-06-01;17,490843333333334;20,9584;15,7525;524,7253000000001
1939-07-01;17,340929032258064;21,8787;15,7525;537,5688
1939-08-01;15,329193548387096;18,2866;14,1421;475,205
1939-09-01;17,560076666666664;99,0563;13,7497;526,8023
1939-10-01;19,945912903225807;66,7677;12,4415;618,3233
1939-11-01;24,872313333333334;61,5975;11,4279;746,1694
1939-12-01;56,65207419354839;142,6546;22,5026;1756,2143
1940-01-01;68,64265483870969;125,4873;39,0605;2127,9223
1940-02-01;80,6860172413793;163,8997;44,9231;2339,8945
1940-03-01;72,11109032258065;144,8685;42,7755;2235,4438
1940-04-01;36,72491;47,0879;30,7934;1101,7473
1940-05-01;25,84032258064516;31,3002;22,0755;801,05
1940-06-01;20,45645;23,366;18,372;613,6935
1940-07-01;17,050912903225807;18,372;16,0472;528,5783
1940-08-01;14,54338064516129;15,2988;13,8424;450,8448
1940-09-01;15,106876666666667;33,3414;11,4279;453,2063
1940-10-01;19,87493548387097;47,0879;12,1;616,123
1940-11-01;44,097746666666666;113,9179;15,2988;1322,9324
1940-12-01;74,42054193548387;194,7919;27,7817;2307,0368
1941-01-01;67,16847741935484;102,2091;47,0879;2082,2228
1941-02-01;37,447042857142854;55,1524;25,3128;1048,5172
1941-03-01;27,20321612903226;46,0034;22,5026;843,2997
1941-04-01;21,939836666666668;29,2811;17,9764;658,1951
1941-05-01;16,211722580645162;17,9764;15,2988;502,5634
1941-06-01;15,271876666666666;24,3361;13,487;458,1563
1941-07-01;15,780948387096775;24,8236;13,487;489,2094
1941-08-01;11,728203225806451;13,1349;10,7703;363,5743
1941-09-01;20,98;33,3414;10,7703;629,4
1941-10-01;21,923248387096773;43,8471;14,5638;679,6206999999999
1941-11-01;23,664716666666667;55,1524;15,2988;709,9415
1941-12-01;35,95321935483871;57,102;24,8236;1114,5498
1942-01-01;27,224390322580646;45,4627;18,7709;843,9561
1942-02-01;39,16571428571428;111,9276;15,6713;1096,6399999999999
1942-03-01;55,31731935483871;91,0639;32,8291;1714,8369
1942-04-01;28,093619999999998;34,3699;22,9328;842,8086
1942-05-01;23,138306451612905;42,7755;19,9865;717,2875
1942-06-01;19,324326666666664;21,2306;17,1949;579,7298
1942-07-01;17,32591935483871;22,9328;15,2988;537,1035
1942-08-01;13,999409677419354;15,2988;13,1349;433,9817
1942-09-01;13,425976666666665;20,8128;12,1;402,7793
1942-10-01;21,43632258064516;34,3699;12,7864;664,526
1942-11-01;25,582636666666666;54,6697;14,9296;767,4791
1942-12-01;38,064890322580645;90,4614;19,5781;1180,0116
1943-01-01;86,07106129032258;196,4827;43,8471;2668,2028999999998
1943-02-01;53,379599999999996;85,705;42,2414;1494,6288
1943-03-01;49,89873225806451;84,5336;35,9222;1546,8607
1943-04-01;29,70707333333333;35,4035;25,3128;891,2121999999999
1943-05-01;22,63160322580645;25,3128;20,8128;701,5797
1943-06-01;19,68077333333333;22,5026;18,372;590,4232
1943-07-01;16,668709677419354;17,9764;15,2988;516,73
1943-08-01;15,443412903225806;17,9764;13,8424;478,7458
1943-09-01;14,896466666666667;21,6515;13,487;446,894
1943-10-01;23,28957741935484;43,8471;13,8424;721,9769
1943-11-01;21,525489999999998;39,0605;14,2014;645,7647
1943-12-01;41,407670967741936;75,9761;17,9764;1283,6378
1944-01-01;36,60566451612903;75,4199;22,5026;1134,7756
1944-02-01;55,88409310344827;82,79;30,2879;1620,6387
1944-03-01;54,681361290322585;113,2527;31,3002;1695,1222
1944-04-01;30,181996666666667;57,102;23,366;905,4599
1944-05-01;21,324245161290325;26,2958;19,1729;661,0516
1944-06-01;17,863763333333335;19,1729;16,809;535,9129
1944-07-01;15,58243870967742;16,809;14,2014;483,0556
1944-08-01;13,2438;14,2014;12,4415;410,5578
1944-09-01;12,44191;23,366;10,447;373,2573
1944-10-01;13,49354193548387;39,5877;9,8116;418,2998
1944-11-01;15,350023333333333;26,2958;11,7622;460,5007
1944-12-01;17,168070967741937;34,886;11,7622;532,2102
1945-01-01;25,509883870967744;60,0823;11,7622;790,8064
1945-02-01;54,85276785714286;99,6834;28,2801;1535,8775
1945-03-01;30,476832258064515;61,0906;21,6515;944,7818
1945-04-01;24,83439333333333;46,0034;19,5781;745,0318
1945-05-01;17,417477419354842;20,8128;15,6713;539,9418000000001
1945-06-01;16,836100000000002;23,366;14,5638;505,083
1945-07-01;13,099241935483871;14,5638;11,7622;406,0765
1945-08-01;10,684548387096774;11,7622;9,8116;331,221
1945-09-01;10,0419;11,0973;9,1912;301,257
1945-10-01;11,132354838709677;23,366;9,1912;345,103
1945-11-01;26,308609999999998;72,6662;12,7864;789,2583
1945-12-01;62,54897096774194;302,2932;20,3981;1939,0181
1946-01-01;100,7589806451613;366,4818;54,1888;3123,5284
1946-02-01;47,359024999999995;57,102;37,4859;1326,0527
1946-03-01;42,15919032258064;92,8819;32,8291;1306,9349
1946-04-01;38,35835333333333;68,3545;26,2958;1150,7506
1946-05-01;23,352406451612904;26,2958;21,2306;723,9246
1946-06-01;19,759326666666666;21,2306;18,7709;592,7798
1946-07-01;18,499364516129035;22,5026;16,809;573,4803
1946-08-01;14,905883870967742;16,809;13,487;462,0824
1946-09-01;13,631423333333334;30,7934;11,7622;408,9427
1946-10-01;18,58895483870968;34,886;12,4415;576,2576
1946-11-01;26,942243333333334;72,1209;15,6713;808,2673
1946-12-01;25,992858064516128;52,2842;14,5638;805,7786
1947-01-01;43,58281612903225;79,9195;24,3361;1351,0673
1947-02-01;47,825892857142854;88,069;24,3361;1339,125
1947-03-01;110,23823548387097;238,0569;57,102;3417,3853
1947-04-01;43,2813;58,088;33,855;1298,439
1947-05-01;30,119225806451613;33,3414;26,2958;933,696
1947-06-01;25,479766666666666;35,4035;23,366;764,393
1947-07-01;23,715632258064517;36,4422;20,3981;735,1846
1947-08-01;21,76166451612903;50,3664;17,584;674,6116
1947-09-01;22,500223333333334;36,4422;17,9764;675,0067
1947-10-01;19,379593548387096;27,2849;16,809;600,7674
1947-11-01;25,163396666666664;88,069;13,487;754,9019
1947-12-01;49,64231612903226;101,575;22,5026;1538,9118
1948-01-01;46,322038709677415;121,3476;28,7799;1435,9832
1948-02-01;58,27782068965517;131,1018;29,7838;1690,0568
1948-03-01;66,35324193548387;185,608;28,7799;2056,9505
1948-04-01;35,55432333333333;50,9164;27,7817;1066,6297
1948-05-01;25,98291935483871;28,7799;23,366;805,4705
1948-06-01;22,1691;32,3181;19,9865;665,073
1948-07-01;18,390383870967742;19,5781;17,1949;570,1019
1948-08-01;15,644132258064516;19,1729;13,8424;484,9681
1948-09-01;13,824823333333335;16,0472;12,7864;414,7447
1948-10-01;17,5913;19,5781;15,2988;545,3303
1948-11-01;34,79036;109,298;13,8424;1043,7108
1948-12-01;58,32519032258065;135,3837;29,0983;1808,0809000000002
1949-01-01;67,70491935483871;113,9179;29,5881;2098,8525
1949-02-01;69,48166785714285;96,5656;49,4141;1945,4867
1949-03-01;44,1411129032258;72,6662;33,1113;1368,3745
1949-04-01;34,189730000000004;42,913;26,7005;1025,6919
1949-05-01;29,51647741935484;33,1113;27,1732;915,0108
1949-06-01;26,437633333333334;29,0983;23,4888;793,129
1949-07-01;21,78614516129032;23,4888;19,6142;675,3705
1949-08-01;16,475503225806452;19,6142;13,1077;510,7406
1949-09-01;11,823456666666665;13,4601;9,8012;354,70369999999997
1949-10-01;12,010303225806451;18,3877;8,3;372,3194
1949-11-01;12,876093333333333;17,9862;9,8012;386,2828
1949-12-01;38,66705161290322;83,3694;12,074;1198,6786
1950-01-01;64,32443870967742;126,8807;22,6028;1994,0576
1950-02-01;79,36661428571428;113,9179;47,6034;2222,2652
1950-03-01;61,51113870967742;93,4915;42,913;1906,8453
1950-04-01;40,29671666666666;56,2918;33,1113;1208,9015
1950-05-01;30,193448387096772;43,4882;23,0441;935,9969
1950-06-01;23,709139999999998;38,9761;20,8735;711,2742
1950-07-01;18,845058064516127;21,731;16,8038;584,1967999999999
1950-08-01;15,158406451612903;16,4172;13,4601;469,9106
1950-09-01;13,63217;18,3877;12,074;408,9651
1950-10-01;17,564625806451613;38,4266;11,7373;544,5033999999999
1950-11-01;44,97366666666667;140,4557;11,7373;1349,21
1950-12-01;46,73043870967742;69,9578;24,8443;1448,6436
1951-01-01;51,09488064516129;107,9935;24,8443;1583,9413
1951-02-01;57,75383214285714;109,298;39,5289;1617,1073
1951-03-01;48,18602903225807;72,1209;32,5979;1493,7669
1951-04-01;31,54562333333333;40,6441;23,4888;946,3687
1951-05-01;20,68035483870968;23,9372;18,7929;641,091
1951-06-01;17,819209999999998;18,7929;16,4172;534,5763
1951-07-01;15,659354838709678;16,4172;14,5404;485,44
1951-08-01;13,384996774193548;14,5404;12,7592;414,93489999999997
1951-09-01;11,729809999999999;12,4147;11,0759;351,8943
1951-10-01;21,618161290322583;50,0239;10,7511;670,163
1951-11-01;21,57903333333333;63,6435;10,7511;647,371
1951-12-01;29,45755483870968;62,6168;17,5883;913,1842
1952-01-01;88,93868387096775;205,0332;20,4501;2757,0992
1952-02-01;65,07043448275861;106,6959;46,4119;1887,0426
1952-03-01;75,93941612903227;170,2076;41,2065;2354,1219
1952-04-01;36,14836666666667;60,5855;27,6493;1084,451
1952-05-01;21,910003225806452;26,7005;18,3877;679,2101
1952-06-01;21,529653333333332;35,7278;17,1942;645,8896
1952-07-01;15,449577419354839;17,1942;14,1764;478,9369
1952-08-01;13,042754838709678;14,1764;12,4147;404,3254
1952-09-01;13,693643333333334;23,4888;11,4046;410,8093
1952-10-01;13,085196774193548;19,2017;10,4304;405,6411
1952-11-01;28,96819;72,6662;11,7373;869,0457
1952-12-01;36,665048387096775;95,9472;16,0342;1136,6165
1953-01-01;25,350474193548386;48,8074;16,8038;785,8647
1953-02-01;29,148574999999997;79,9195;16,8038;816,1600999999999
1953-03-01;34,835312903225805;79,3507;17,9862;1079,8947
1953-04-01;40,05161333333333;89,2617;25,3031;1201,5484
1953-05-01;24,097416129032258;38,4266;21,3004;747,0199
1953-06-01;20,114796666666667;23,9372;17,1942;603,4439
1953-07-01;16,9910064516129;20,4501;16,0342;526,7212
1953-08-01;15,345774193548387;17,5883;13,1077;475,719
1953-09-01;13,318293333333333;21,731;8,0729;399,54879999999997
1953-10-01;13,756954838709678;44,9545;6,7939;426,4656
1953-11-01;23,651076666666665;58,3046;13,3322;709,5323
1953-12-01;30,707409677419356;100,7033;16,2289;951,9297
1954-01-01;22,147812903225805;78,7982;12,4417;686,5822
1954-02-01;46,31507857142857;131,8112;13,0313;1296,8222
1954-03-01;16,660093548387096;24,801;13,0313;516,4629
1954-04-01;13,592523333333334;23,9308;10,2449;407,77570000000003
1954-05-01;14,904138709677419;16,9194;13,0313;462,0283
1954-06-01;11,402479999999999;13,6373;9,4863;342,07439999999997
1954-07-01;9,15302258064516;10,2449;8,5288;283,7437
1954-08-01;8,110441935483871;8,5288;7,6318;251,4237
1954-09-01;8,99948;19,0955;6,9979;269,9844
1954-10-01;12,018338709677419;32,4467;6,9979;372,5685
1954-11-01;12,918830000000002;33,4899;7,6318;387,5649
1954-12-01;17,942729032258065;81,8034;6,2035;556,2246
1955-01-01;43,952051612903226;140,4557;12,4417;1362,5136
1955-02-01;28,796617857142856;39,0643;22,2462;806,3053
1955-03-01;46,0617870967742;124,7931;28,4699;1427,9154
1955-04-01;30,74851333333333;97,4517;22,6604;922,4553999999999
1955-05-01;20,651390322580646;23,9308;18,3525;640,1931000000001
1955-06-01;18,42827;27,0585;15,5556;552,8481
1955-07-01;15,173274193548387;15,5556;14,8993;470,3715
1955-08-01;14,330151612903228;15,2253;13,0313;444,23470000000003
1955-09-01;11,199440000000001;12,7345;9,9882;335,9832
1955-10-01;15,825403225806452;51,1495;9,2412;490,58750000000003
1955-11-01;17,549533333333333;27,5242;10,7702;526,486
1955-12-01;61,05393225806452;150,8457;9,9882;1892,6719
1956-01-01;41,98569677419355;108,6449;24,3636;1301,5566000000001
1956-02-01;36,00106551724138;81,8034;22,6604;1044,0309
1956-03-01;52,09685483870968;122,7207;28,4699;1615,0025
1956-04-01;32,31497;46,1694;28,4699;969,4491
1956-05-01;27,88368387096774;37,9238;24,801;864,3942
1956-06-01;26,223470000000002;36,796;21,8365;786,7041
1956-07-01;22,27445806451613;27,9947;20,6347;690,5082
1956-08-01;22,865103225806454;32,4467;18,3525;708,8182
1956-09-01;22,288943333333336;43,7517;15,8901;668,6683
1956-10-01;18,71565483870968;28,4699;14,8993;580,1853
1956-11-01;25,29336;67,2054;13,0313;758,8008
1956-12-01;55,90117096774194;143,3909;21,4314;1732,9363
1957-01-01;81,17808709677419;182,317;32,4467;2516,5207
1957-02-01;74,35658214285715;111,9276;46,7814;2081,9843
1957-03-01;73,25239677419356;115,2534;48,0145;2270,8243
1957-04-01;69,38942999999999;122,0333;51,1495;2081,6829
1957-05-01;49,092451612903226;67,9095;43,1549;1521,866
1957-06-01;39,55992;43,1549;36,796;1186,7975999999999
1957-07-01;37,64469677419355;43,7517;35,681;1166,9856
1957-08-01;28,32307741935484;35,1284;24,3636;878,0154
1957-09-01;38,24382333333333;57,6397;24,3636;1147,3147
1957-10-01;25,804948387096776;37,9238;19,0955;799,9534
1957-11-01;43,595220000000005;116,061;21,8365;1307,8566
1957-12-01;42,078270967741936;59,0845;22,9477;1304,4264
1958-01-01;40,52778709677419;98,9945;22,0461;1256,3614
1958-02-01;42,256303571428575;62,6945;30,0019;1183,1765
1958-03-01;38,193451612903225;49,6133;29,329;1183,997
1958-04-01;34,119083333333336;61,7838;28,0019;1023,5725
1958-05-01;33,58820967741936;41,9853;28,0019;1041,2345
1958-06-01;31,07234;37,0692;27,674;932,1702
1958-07-01;27,49931612903226;31,3664;24,7949;852,4788
1958-08-01;22,53095483870968;24,7949;19,7146;698,4596
1958-09-01;25,226793333333333;52,9792;19,4307;756,8038
1958-10-01;40,197735483870964;102,3189;23,2515;1246,1298
1958-11-01;34,19540666666667;59,0845;26,7;1025,8622
1958-12-01;41,86839677419355;86,1493;23,2515;1297,9203
1959-01-01;73,11266774193548;153,4417;39,3071;2266,4927
1959-02-01;36,265235714285716;52,9792;27,0231;1015,4266
1959-03-01;39,8172;66,3914;27,674;1234,3332
1959-04-01;43,45659333333333;93,5538;25,7647;1303,6978
1959-05-01;22,115645161290324;28,8659;18,9153;685,585
1959-06-01;15,598326666666667;18,5032;13,6317;467,9498
1959-07-01;11,906212903225807;13,6317;11,0667;369,0926
1959-08-01;11,704935483870967;15,036;9,6238;362,853
1959-09-01;9,401603333333332;11,0667;8,5555;282,0481
1959-10-01;11,35194193548387;22,4104;8,5555;351,9102
1959-11-01;43,65123333333334;134,6658;11,0667;1309,537
1959-12-01;40,82636129032258;99,6834;18,5032;1265,6172
1960-01-01;96,7590935483871;238,0569;18,0965;2999,5319
1960-02-01;51,43299655172414;100,3122;21,954;1491,5569
1960-03-01;88,05785806451613;147,8438;47,6716;2729,7936
1960-04-01;30,704240000000002;49,1294;21,058;921,1272
1960-05-01;24,308712903225807;47,6716;17,6953;753,5701
1960-06-01;15,436266666666665;17,6953;14,3235;463,08799999999997
1960-07-01;11,131174193548386;13,9751;8,8155;345,0664
1960-08-01;7,217790322580646;8,5555;6,4214;223,75150000000002
1960-09-01;5,171353333333333;6,6405;4,126;155,1406
1960-10-01;7,6181322580645165;16,5238;3,6449;236,1621
1960-11-01;29,239076666666666;78,2187;4,4668;877,1723
1960-12-01;79,57872903225807;128,9836;28,3343;2466,9406
1961-01-01;138,3598870967742;272,2574;89,8606;4289,1565
1961-02-01;129,2153392857143;292,1274;61,5975;3618,0295
1961-03-01;113,19417096774194;199,031;52,1243;3509,0193
1961-04-01;50,22725666666667;89,8606;34,512;1506,8177
1961-05-01;34,39998709677419;56,8176;20,1843;1066,3996
1961-06-01;17,197626666666668;19,7558;13,2935;515,9288
1961-07-01;11,549083870967742;13,2935;9,3497;358,0216
1961-08-01;8,312206451612903;25,2682;5,9963;257,6784
1961-09-01;12,288633333333333;23,3402;3,3438;368,659
1961-10-01;4,111883870967742;7,5617;3,0581;127,4684
1961-11-01;10,950186666666667;28,3343;4,4668;328,5056
1961-12-01;22,14623548387097;122,0333;6,6405;686,5333
1962-01-01;56,48914516129032;119,3008;19,3328;1751,1634999999999
1962-02-01;143,110825;292,1274;34,512;4007,1031000000003
1962-03-01;50,04135483870967;98,431;26,7749;1551,282
1962-04-01;22,81246666666667;52,1243;16,5238;684,374
1962-05-01;17,771267741935485;44,8347;11,678;550,9093
1962-06-01;10,106726666666667;14,3235;8,3001;303,2018
1962-07-01;7,172261290322581;8,3001;6,2066;222,3401
1962-08-01;6,762945161290323;18,9153;4,6434;209,6513
1962-09-01;6,5675066666666675;11,3699;3,9616;197,0252
1962-10-01;19,883329032258064;61,0906;8,5555;616,3832
1962-11-01;38,24234333333333;119,3008;11,9911;1147,2703
1962-12-01;99,7763;216,3882;29,51;3093,0653
1963-01-01;77,3648064516129;190,5932;50,8098;2398,309
1963-02-01;61,02794642857143;90,0234;47,6753;1708,7825
1963-03-01;42,084548387096774;52,167;33,9647;1304,621
1963-04-01;31,29141333333333;34,7897;22,5476;938,7424
1963-05-01;19,88594193548387;22,5476;18,1583;616,4642
1963-06-01;16,9128;18,1583;15,7026;507,384
1963-07-01;14,329832258064517;15,3585;13,0004;444,2248
1963-08-01;10,779245161290323;13,0004;8,577;334,1566
1963-09-01;7,32603;8,2778;5,7016;219,7809
1963-10-01;16,114132258064515;69,0559;2,6617;499,5381
1963-11-01;22,148836666666668;37,2916;9,1826;664,4651
1963-12-01;16,04768387096774;30,7107;7,981;497,4782
1964-01-01;77,13108387096774;262,5545;30,7107;2391,0636
1964-02-01;137,10537931034483;205,897;91,0527;3976,056
1964-03-01;54,233170967741934;124,7931;32,7357;1681,2283
1964-04-01;29,31797;32,7357;25,2042;879,5391
1964-05-01;20,121080645161292;27,5336;13,6649;623,7535
1964-06-01;11,801946666666668;13,6649;10,1083;354,0584
1964-07-01;10,79586129032258;12,3436;9,1826;334,6717
1964-08-01;8,12022258064516;9,1826;7,1059;251,7269
1964-09-01;5,809366666666667;6,8195;4,8944;174,281
1964-10-01;25,260051612903226;45,0254;5,4294;783,0616
1964-11-01;27,604896666666665;52,167;18,5157;828,1469
1964-12-01;53,581564516129035;102,2091;18,5157;1661,0285000000001
1965-01-01;98,67736129032258;172,6001;64,2574;3058,9982
1965-02-01;131,05004642857142;204,1709;66,1673;3669,4013
1965-03-01;103,3423806451613;199,031;60,4765;3203,6138
1965-04-01;48,66823333333333;60,4765;41,5472;1460,047
1965-05-01;42,48385161290322;59,5395;35,6192;1316,9994
1965-06-01;33,46919333333333;38,1342;30,7107;1004,0758
1965-07-01;29,427632258064516;34,7897;25,5892;912,2566
1965-08-01;22,761583870967744;25,2042;20,6925;705,6091
1965-09-01;19,946876666666665;38,1342;15,7026;598,4063
1965-10-01;30,613474193548388;50,3592;23,6779;949,0177
1965-11-01;38,315000000000005;94,1564;22,923;1149,45
1965-12-01;50,093480645161286;79,3813;31,1133;1552,8979
1966-01-01;115,68631935483872;267,3865;44,5872;3586,2759
1966-02-01;68,823375;144,8685;42,4107;1927,0545
1966-03-01;96,33022580645162;236,2164;50,3592;2986,237
1966-04-01;44,951816666666666;80,3815;35,6192;1348,5545
1966-05-01;33,23295806451613;38,5572;28,3204;1030,2217
1966-06-01;25,07834666666667;27,5336;22,1737;752,3504
1966-07-01;20,21742580645161;22,1737;18,1583;626,7402
1966-08-01;16,861309677419356;21,4302;14,6757;522,7006
1966-09-01;13,858266666666667;15,0162;12,671;415,748
1966-10-01;19,72815161290323;38,5572;13,3317;611,5727
1966-11-01;60,685473333333334;150,8457;32,3283;1820,5642
1966-12-01;58,21382580645162;168,6208;22,5476;1804,6286
1967-01-01;95,46528387096774;167,0405;58,1403;2959,4238
1967-02-01;81,42945357142857;186,4348;45,4647;2280,0247
1967-03-01;59,82967419354839;102,2091;40,6877;1854,7199
1967-04-01;38,22643333333334;54,4469;30,7107;1146,7930000000001
1967-05-01;29,18463870967742;53,0762;24,0574;904,7238
1967-06-01;24,301693333333333;27,5336;21,4302;729,0508
1967-07-01;18,63138064516129;21,0606;16,745;577,5728
1967-08-01;14,685719354838708;16,745;12,671;455,2573
1967-09-01;11,27783;12,671;9,4889;338,3349
1967-10-01;12,331083870967742;42,4107;7,981;382,2636
1967-11-01;34,15242666666666;87,462;13,6649;1024,5728
1967-12-01;40,74982258064516;95,7172;18,5157;1263,2445
1968-01-01;45,882838709677415;79,881;28,7157;1422,368
1968-02-01;39,600672413793106;93,6375;22,923;1148,4195
1968-03-01;35,587941935483876;92,6016;22,923;1103,2262
1968-04-01;20,430259999999997;26,363;16,745;612,9078
1968-05-01;15,16546129032258;16,745;13,6649;470,1293
1968-06-01;11,875023333333333;13,3317;10,1083;356,2507
1968-07-01;9,411545161290324;10,1083;8,8786;291,7579
1968-08-01;9,389551612903226;12,3436;7,981;291,0761
1968-09-01;10,304599999999999;29,51;6,5357;309,138
1968-10-01;14,952103225806452;46,346;6,2548;463,5152
1968-11-01;8,690963333333334;18,1583;5,7016;260,7289
1968-12-01;45,397209677419355;171,801;17,8025;1407,3135
1969-01-01;40,80023548387096;136,1032;12,3436;1264,8073
1969-02-01;46,724025;166,2529;21,0606;1308,2727
1969-03-01;39,613358064516135;93,6375;21,4302;1228,0141
1969-04-01;21,256336666666666;29,909;17,0959;637,6901
1969-05-01;15,565958064516128;41,5472;12,3436;482,5447
1969-06-01;15,204836666666667;31,5171;12,3436;456,1451
1969-07-01;10,615048387096774;12,0181;8,8786;329,0665
1969-08-01;10,000058064516129;18,5157;7,1059;310,0018
1969-09-01;6,325573333333334;7,6867;4,8944;189,7672
1969-10-01;11,540145161290322;19,2351;5,1603;357,7445
1969-11-01;30,93530666666667;58,1403;13,6649;928,0592
1969-12-01;37,14681290322581;79,881;19,2351;1151,5512
1970-01-01;53,38052258064516;112,5893;19,2351;1654,7962
1970-02-01;41,345821428571426;89,5098;23,2997;1157,683
1970-03-01;32,397090322580645;49,9096;22,1737;1004,3098
1970-04-01;23,46865;42,4107;16,3958;704,0595
1970-05-01;14,89161612903226;19,9608;12,3436;461,6401
1970-06-01;11,280859999999999;12,0181;10,1083;338,4258
1970-07-01;10,54322258064516;13,0004;9,1826;326,8399
1970-08-01;10,147035483870969;25,9754;6,5357;314,5581
1970-09-01;14,60126;21,0606;9,4889;438,0378
1970-10-01;14,165516129032257;30,7107;9,4889;439,131
1970-11-01;23,933783333333334;82,8946;9,4889;718,0135
1970-12-01;19,355532258064514;30,7107;12,3436;600,0215
1971-01-01;19,92502580645161;40,2595;9,1826;617,6758
1971-02-01;8,363142857142858;11,6946;6,5357;234,168
1971-03-01;13,568209677419356;27,5336;5,7016;420,6145
1971-04-01;10,164746666666668;19,2351;6,5357;304,9424
1971-05-01;4,622741935483871;6,2548;3,6159;143,305
1971-06-01;9,313776666666666;24,0574;3,1305;279,4133
1971-07-01;5,256993548387097;6,5357;3,8644;162,9668
1971-08-01;3,274941935483871;7,981;1,9933;101,5232
1971-09-01;4,598256666666667;15,0162;1,9933;137,9477
1971-10-01;15,605287096774193;38,5572;5,7016;483,7639
1971-11-01;17,717080000000003;45,4647;8,577;531,5124000000001
1971-12-01;49,98752258064516;99,0563;26,752;1549,6132
1972-01-01;32,88057419354839;72,9505;17,8025;1019,2978
1972-02-01;57,792017241379305;116,5957;26,363;1675,9685
1972-03-01;56,81844516129032;100,3122;31,1133;1761,3718
1972-04-01;27,876916666666666;35,6192;21,4302;836,3075
1972-05-01;17,794832258064517;22,5476;15,0162;551,6398
1972-06-01;12,97955;15,3585;11,3731;389,3865
1972-07-01;17,68006129032258;56,7488;10,1083;548,0819
1972-08-01;12,042083870967742;21,0606;9,1826;373,3046
1972-09-01;9,118269999999999;13,0004;6,5357;273,5481
1972-10-01;24,8748935483871;102,8449;10,1083;771,1217
1972-11-01;57,87747666666667;147,0975;19,2351;1736,3243
1972-12-01;54,252319354838704;161,5614;23,6779;1681,8219
1973-01-01;58,67448387096775;93,6375;38,1342;1818,909
1973-02-01;51,45375;119,9814;27,9264;1440,705
1973-03-01;27,358387096774194;32,3283;22,5476;848,11
1973-04-01;31,344876666666668;70,9971;19,2351;940,3463
1973-05-01;19,33759677419355;26,363;15,7026;599,4655
1973-06-01;14,209173333333332;20,3259;12,3436;426,2752
1973-07-01;13,6508;16,0483;12,3436;423,1748
1973-08-01;9,931351612903224;15,0162;7,395;307,8719
1973-09-01;8,10255;11,3731;5,7016;243,0765
1973-10-01;17,931651612903227;100,3122;6,2548;555,8812
1973-11-01;26,353776666666665;85,9333;13,3317;790,6133
1973-12-01;48,377377419354836;115,9237;12,3436;1499,6987
1974-01-01;51,91987741935484;123,4098;26,363;1609,5162
1974-02-01;36,97873214285715;81,3846;21,8012;1035,4045
1974-03-01;63,49897741935484;193,949;23,6779;1968,4683
1974-04-01;39,44316333333334;92,0846;27,1422;1183,2949
1974-05-01;23,255351612903226;26,363;19,9608;720,9159
1974-06-01;21,359556666666666;36,0357;16,745;640,7867
1974-07-01;15,66576129032258;20,3259;12,3436;485,6386
1974-08-01;11,520967741935483;15,0162;9,4889;357,15
1974-09-01;9,687926666666666;15,0;7,6867;290,63779999999997
1974-10-01;14,984577419354839;40,2902;10,7167;464,5219
1974-11-01;15,200899999999999;35,1378;10,5016;456,027
1974-12-01;41,76104516129032;128,281;10,2889;1294,5924
1975-01-01;51,854103225806455;128,9836;28,8612;1607,4772
1975-02-01;54,464375000000004;113,9179;28,8612;1525,0025
1975-03-01;46,9765;156,163;26,6801;1456,2715
1975-04-01;24,284056666666668;35,1378;19,176;728,5217
1975-05-01;18,615112903225807;24,9337;16,059;577,0685
1975-06-01;14,759073333333333;16,059;13,485;442,7722
1975-07-01;14,35401935483871;18,296;12,7604;444,9746
1975-08-01;11,451774193548387;12,7604;10,5016;355,005
1975-09-01;10,444416666666665;18,8801;9,0621;313,3325
1975-10-01;16,64894516129032;35,1378;11,3763;516,1173
1975-11-01;41,29210333333333;167,0405;10,2889;1238,7631
1975-12-01;40,80350322580645;72,5782;23,2516;1264,9086
1976-01-01;32,490899999999996;60,4206;19,7752;1007,2179
1976-02-01;33,788417241379314;59,4578;19,7752;979,8641
1976-03-01;44,61821290322581;104,7626;21,6333;1383,1646
1976-04-01;29,731056666666667;87,0057;20,6929;891,9317
1976-05-01;24,545422580645162;40,2902;19,4743;760,9081
1976-06-01;22,345463333333335;46,7905;16,8793;670,3639000000001
1976-07-01;21,62685483870968;63,8515;16,33;670,4325
1976-08-01;22,41988064516129;53,3042;15,0;695,0163
1976-09-01;29,8544;75,2512;15,7906;895,632
1976-10-01;24,95918064516129;45,3529;18,0076;773,7346
1976-11-01;44,64741;99,0563;21,6333;1339,4223
1976-12-01;73,15965161290323;183,9593;34,7257;2267,9492
1977-01-01;67,49573548387097;197,3305;33,104;2092,3678
1977-02-01;56,95878571428572;215,5051;31,1361;1594,846
1977-03-01;44,595425806451615;85,8495;28,4912;1382,4582
1977-04-01;36,59195666666667;55,2206;26,6801;1097,7587
1977-05-01;23,373129032258063;27,0371;20,6929;724,567
1977-06-01;18,948173333333333;20,6929;17,1576;568,4452
1977-07-01;15,588325806451614;17,1576;14,2315;483,23810000000003
1977-08-01;13,54835806451613;21,0038;11,3763;419,9991
1977-09-01;18,11306;33,9096;12,7604;543,3918
1977-10-01;14,57043870967742;20,6929;11,601;451,6836
1977-11-01;27,153153333333332;69,4344;11,3763;814,5946
1977-12-01;39,866099999999996;103,4824;21,0038;1235,8491
1978-01-01;92,82433870967742;247,3538;23,2516;2877,5545
1978-02-01;42,26117142857142;78,5226;28,8612;1183,3128
1978-03-01;44,7485;142,6546;27,3968;1387,2035
1978-04-01;25,224813333333334;36,8126;20,6929;756,7444
1978-05-01;20,579151612903228;32,3089;18,0076;637,9537
1978-06-01;19,59306666666667;33,9096;16,6034;587,792
1978-07-01;16,725483870967743;23,5829;15,0;518,49
1978-08-01;13,574996774193549;15,0;12,2894;420,8249
1978-09-01;12,348943333333333;15,0;10,5016;370,4683
1978-10-01;26,387003225806453;122,0333;9,4616;817,9971
1978-11-01;41,253416666666666;68,4019;18,5868;1237,6025
1978-12-01;34,597335483870964;63,3556;20,3845;1072,5174
1979-01-01;40,164538709677416;116,5957;18,8801;1245,1007
1979-02-01;84,43678571428572;165,4669;44,4081;2364,23
1979-03-01;53,183048387096775;111,9276;35,5525;1648,6745
1979-04-01;32,807363333333335;77,4244;24,5922;984,2209
1979-05-01;26,81574838709677;46,3086;21,3173;831,2882
1979-06-01;21,03287;28,1238;19,176;630,9861
1979-07-01;20,56218064516129;35,1378;17,7218;637,4276
1979-08-01;18,509229032258066;26,6801;16,33;573,7861
1979-09-01;23,959996666666665;62,8616;14,4852;718,7999
1979-10-01;20,636593548387097;46,3086;14,7414;639,7344
1979-11-01;27,18348;63,8515;16,33;815,5044
1979-12-01;68,10447741935484;171,801;19,7752;2111,2388
1980-01-01;102,55160967741936;212,8656;45,8294;3179,0999
1980-02-01;73,0487448275862;148,5918;45,8294;2118,4136
1980-03-01;43,748496774193555;73,109;31,5244;1356,2034
1980-04-01;57,312286666666665;150,8457;33,5054;1719,3686
1980-05-01;29,844396774193548;34,7257;25,9738;925,1763
1980-06-01;26,896603333333335;51,7599;22,5966;806,8981
1980-07-01;22,05701935483871;27,3968;19,4743;683,7676
1980-08-01;18,637825806451612;21,3173;17,1576;577,7726
1980-09-01;15,95735;19,176;14,4852;478,7205
1980-10-01;15,786132258064516;30,7504;12,5237;489,3701
1980-11-01;43,93005333333333;119,3008;11,8281;1317,9016
1980-12-01;95,47001290322581;183,9593;47,7625;2959,5704
1981-01-01;125,70259677419354;284,1053;55,2206;3896,7805
1981-02-01;54,51537857142857;77,4244;44,4081;1526,4306
1981-03-01;55,14285161290323;99,6834;37,6659;1709,4284
1981-04-01;37,34388333333333;53,3042;31,1361;1120,3165
1981-05-01;27,736629032258065;35,9699;24,2532;859,8355
1981-06-01;24,94342;29,9869;21,9519;748,3026
1981-07-01;19,903764516129034;21,6333;18,5868;617,0167
1981-08-01;18,32854516129032;26,3257;16,6034;568,1849
1981-09-01;16,11885;26,6801;13,485;483,5655
1981-10-01;25,588558064516132;68,4019;15,5246;793,2453
1981-11-01;51,27657333333333;123,4098;24,2532;1538,2972
1981-12-01;79,5593741935484;172,6001;32,7051;2466,3406
1982-01-01;80,70907741935484;145,6099;38,966;2501,9814
1982-02-01;60,38834285714285;131,1018;39,4047;1690,8736
1982-03-01;99,60109677419355;218,159;49,241;3087,634
1982-04-01;57,37727666666667;110,6093;39,8461;1721,3183
1982-05-01;35,49586129032258;39,8461;32,3089;1100,3717
1982-06-01;29,627336666666668;33,104;27,3968;888,8201
1982-07-01;24,22181612903226;27,3968;21,6333;750,8763
1982-08-01;20,37038064516129;23,2516;18,0076;631,4818
1982-09-01;16,653613333333332;21,3173;15,2611;499,6084
1982-10-01;27,506993548387094;97,1856;17,1576;852,7167999999999
1982-11-01;29,472393333333333;70,4746;17,1576;884,1718
1982-12-01;79,78183548387096;194,7919;34,7257;2473,2369
1983-01-01;134,04986129032258;219,9362;75,7916;4155,5457
1983-02-01;105,97535714285713;164,6825;57,5552;2967,31
1983-03-01;108,7567;218,159;57,5552;3371,4577
1983-04-01;77,58775333333332;191,4297;56,6156;2327,6326
1983-05-01;50,38441290322581;161,5614;39,4047;1561,9168
1983-06-01;87,47582333333334;215,5051;46,7905;2624,2747
1983-07-01;43,31692580645161;71,5226;36,8126;1342,8247
1983-08-01;31,741929032258067;35,9699;27,759;983,9998
1983-09-01;81,21845333333334;167,0405;27,3968;2436,5536
1983-10-01;64,92374193548387;135,3837;43,9398;2012,636
1983-11-01;82,32541333333333;201,5937;47,2752;2469,7624
1983-12-01;114,16252580645161;199,031;46,7905;3539,0383
1984-01-01;67,34001612903226;131,1018;49,7393;2087,5405
1984-02-01;41,11153448275862;50,2404;34,7257;1192,2345
1984-03-01;35,77831935483871;53,8245;28,8612;1109,1279
1984-04-01;28,846259999999997;36,8126;25,2778;865,3878
1984-05-01;26,777112903225806;38,966;22,273;830,0905
1984-06-01;19,964403333333333;21,9519;18,296;598,9321
1984-07-01;16,844774193548385;18,296;15,7906;522,188
1984-08-01;15,893432258064516;19,176;14,2315;492,6964
1984-09-01;17,88717;25,9738;14,4852;536,6151
1984-10-01;15,369212903225806;21,9519;12,2894;476,4456
1984-11-01;22,057816666666668;61,8794;10,5016;661,7345
1984-12-01;39,73825806451613;115,9237;21,0038;1231,886
1985-01-01;99,6225870967742;333,7067;23,5829;3088,3002
1985-02-01;67,91210357142857;140,4557;50,2404;1901,5389
1985-03-01;74,99679354838709;130,394;50,7441;2324,9006
1985-04-01;41,11114666666666;55,6836;30,3673;1233,3344
1985-05-01;28,038967741935483;37,2379;24,5922;869,208
1985-06-01;23,736146666666667;32,3089;21,3173;712,0844
1985-07-01;19,30216129032258;21,0038;18,0076;598,367
1985-08-01;16,29095806451613;17,7218;15,2611;505,0197
1985-09-01;16,439956666666667;26,6801;14,2315;493,19870000000003
1985-10-01;16,616129032258065;27,0371;12,7604;515,1
1985-11-01;29,847199999999997;95,9472;13,9802;895,4159999999999
1985-12-01;60,509299999999996;218,159;19,176;1875,7883
1986-01-01;74,48049032258065;129,688;54,3475;2308,8952
1986-02-01;81,88392142857143;258,7168;48,7455;2292,7498
1986-03-01;67,05318387096774;135,3837;43,9398;2078,6487
1986-04-01;36,95619;51,7599;30,3673;1108,6857
1986-05-01;34,20424516129032;55,2206;27,3968;1060,3316
1986-06-01;24,410093333333332;31,1361;21,6333;732,3027999999999
1986-07-01;22,658061290322582;31,5244;19,7752;702,3999
1986-08-01;22,613799999999998;31,9153;18,5868;701,0278
1986-09-01;17,196266666666666;20,3845;15,5246;515,888
1986-10-01;14,672806451612905;19,176;12,9995;454,857
1986-11-01;15,342333333333332;25,9738;12,0575;460,27
1986-12-01;85,0085064516129;300,2478;19,176;2635,2637
1987-01-01;73,20249032258064;109,9528;29,9869;2269,2772
1987-02-01;58,64493928571428;95,9472;33,104;1642,0583
1987-03-01;64,60593225806451;185,608;29,9869;2002,7839
1987-04-01;56,082053333333334;175,813;31,1361;1682,4616
1987-05-01;29,40789677419355;34,3163;27,0371;911,6448
1987-06-01;25,73002;28,4912;23,9167;771,9005999999999
1987-07-01;24,302703225806454;26,7682;21,7951;753,3838000000001
1987-08-01;19,889764516129034;21,7951;17,8477;616,5827
1987-09-01;25,398590000000002;44,8593;17,5013;761,9577
1987-10-01;19,524970967741936;31,6347;16,1375;605,2741
1987-11-01;25,812853333333337;62,007;14,809;774,3856000000001
1987-12-01;81,90361612903226;166,3578;25,2039;2539,0121
1988-01-01;78,07136129032259;172,0033;43,0134;2420,2122
1988-02-01;83,94971379310346;135,0794;42,0997;2434,5417
1988-03-01;56,97595806451613;101,1014;39,3961;1766,2547
1988-04-01;35,87875;39,3961;33,7366;1076,3625
1988-05-01;30,3266;40,291;27,9607;940,1246
1988-06-01;27,41056;37,1867;24,0504;822,3168000000001
1988-07-01;21,012045161290324;23,6697;19,2543;651,3734000000001
1988-08-01;17,424206451612903;19,2543;15,4687;540,1504
1988-09-01;15,695763333333334;32,0517;13,2;470,8729
1988-10-01;23,639529032258064;44,8593;16,1375;732,8254
1988-11-01;27,401473333333335;72,0183;16,815;822,0442
1988-12-01;45,799196774193554;117,7036;17,5013;1419,7751
1989-01-01;82,6772935483871;140,3706;36,7497;2562,9961
1989-02-01;71,29704285714286;127,2639;35,4484;1996,3172
1989-03-01;75,26761612903226;147,0739;43,0134;2333,2961
1989-04-01;39,99514333333333;52,9702;31,2195;1199,8543
1989-05-01;27,527145161290324;32,4703;24,433;853,3415
1989-06-01;24,67544333333333;30,806;22,914;740,2633
1989-07-01;21,344467741935482;30,3942;18,5468;661,6785
1989-08-01;19,654829032258064;30,806;16,815;609,2997
1989-09-01;19,344060000000002;32,0517;15,1378;580,3218
1989-10-01;17,227590322580646;22,914;14,4826;534,0553
1989-11-01;24,522406666666665;67,7456;13,5171;735,6722
1989-12-01;52,36126129032258;128,5563;14,809;1623,1991
1990-01-01;51,84384193548387;151,8245;24,0504;1607,1591
1990-02-01;31,118807142857143;88,1768;19,6112;871,3266
1990-03-01;44,37987096774194;86,4579;24,8175;1375,776
1990-04-01;31,47001;46,2595;22,1661;944,1003
1990-05-01;24,78824193548387;43,0134;18,8995;768,4355
1990-06-01;17,000036666666666;18,5468;16,1375;510,0011
1990-07-01;16,542632258064515;21,4261;14,809;512,8216
1990-08-01;15,059041935483872;18,5468;12,8853;466,8303
1990-09-01;15,931813333333332;25,9824;12,5729;477,95439999999996
1990-10-01;15,307703225806451;28,3618;12,5729;474,5388
1990-11-01;21,803279999999997;96,3373;12,5729;654,0984
1990-12-01;31,887919354838708;87,7812;13,4615;988,5255
1991-01-01;81,36834838709677;179,6378;19,7261;2522,4188
1991-02-01;67,79825357142857;133,6022;42,7201;1898,3511
1991-03-01;54,020483870967745;106,8977;37,5443;1674,635
1991-04-01;60,851616666666665;121,304;35,4235;1825,5484999999999
1991-05-01;36,01359032258065;51,5948;30,8374;1116,4213
1991-06-01;27,57061333333333;30,8374;25,1726;827,1184
1991-07-01;25,02499677419355;31,2496;22,4201;775,7749
1991-08-01;18,891816129032257;22,0315;17,0959;585,6463
1991-09-01;16,725706666666667;28,7911;13,8179;501,7712
1991-10-01;29,50645483870968;68,7452;16,3569;914,7001
1991-11-01;26,084746666666668;131,6371;13,8179;782,5424
1991-12-01;32,71596129032258;62,611;13,1068;1014,1948
1992-01-01;139,35971935483872;627,2132;29,6066;4320,1513
1992-02-01;82,99160689655173;166,1778;41,4151;2406,7566
1992-03-01;58,86927096774193;91,28;38,8271;1824,9474
1992-04-01;33,27068666666666;42,2843;30,4262;998,1206
1992-05-01;34,545738709677416;72,0035;25,5704;1070,9179
1992-06-01;22,37405;26,3692;19,7261;671,2215
1992-07-01;18,960209677419353;20,8732;17,0959;587,7665
1992-08-01;16,753183870967742;19,3463;15,9896;519,3487
1992-09-01;29,34164666666667;91,8671;15,9896;880,2494
1992-10-01;32,83530322580645;72,5509;22,0315;1017,8944
1992-11-01;46,21227666666667;75,3061;30,8374;1386,3683
1992-12-01;37,821412903225806;85,4712;26,7702;1172,4638
1993-01-01;51,19851935483871;88,9429;24,776;1587,1541
1993-02-01;70,18160714285715;100,8048;40,5492;1965,085
1993-03-01;52,46507741935484;87,7812;39,6865;1626,4174
1993-04-01;36,83565;47,5646;29,1984;1105,0695
1993-05-01;26,732929032258067;31,2496;23,5928;828,7208
1993-06-01;27,02547666666667;35,4235;22,4201;810,7643
1993-07-01;19,73326451612903;22,0315;17,8405;611,7312
1993-08-01;16,64543548387097;17,8405;14,8967;516,0085
1993-09-01;16,25564;23,5928;13,4615;487,6692
1993-10-01;18,786267741935482;41,8493;13,4615;582,3743
1993-11-01;18,517193333333335;38,8271;12,4024;555,5158
1993-12-01;28,57431290322581;72,0035;13,8179;885,8037
1994-01-01;70,9086193548387;143,5553;40,9817;2198,1672
1994-02-01;41,13148928571429;66,364;25,5704;1151,6817
1994-03-01;61,27466451612903;148,2717;35,002;1899,5146
1994-04-01;34,356199999999994;46,677;26,3692;1030,686
1994-05-01;42,25659677419355;147,5952;22,8098;1309,9545
1994-06-01;27,13057;32,0769;24,3805;813,9171
1994-07-01;21,851425806451612;24,3805;19,7261;677,3942
1994-08-01;17,125287096774194;19,3463;15,6238;530,8839
1994-09-01;13,88351;15,6238;12,0529;416,5053
1994-10-01;14,094393548387096;20,4895;11,3591;436,9262
1994-11-01;17,601553333333335;63,078;12,0529;528,0466
1994-12-01;45,43720322580645;178,2064;13,4615;1408,5533
1995-01-01;40,03598387096774;129,0305;23,5928;1241,1154999999999
1995-02-01;89,93891785714285;183,231;44,471;2518,2897
1995-03-01;39,00207419354839;52,9508;30,4262;1209,0643
1995-04-01;30,311103333333335;54,7686;23,5928;909,3331000000001
1995-05-01;24,751909677419356;32,908;21,2581;767,3092
1995-06-01;18,82247333333333;21,2581;17,4675;564,6741999999999
1995-07-01;15,996580645161291;17,8405;14,1759;495,894
1995-08-01;12,351303225806452;13,8179;11,015;382,8904
1995-09-01;12,105406666666665;24,776;9,3237;363,1622
1995-10-01;18,090290322580646;40,1174;12,4024;560,799
1995-11-01;22,315023333333333;40,9817;13,4615;669,4507
1995-12-01;29,831174193548385;72,5509;14,1759;924,7664
1996-01-01;53,89006774193549;128,3813;27,9796;1670,5921
1996-02-01;55,51733103448276;97,2003;26,7702;1610,0026
1996-03-01;53,56361935483871;94,2264;33,325;1660,4722
1996-04-01;31,159793333333333;42,7201;23,9861;934,7938
1996-05-01;23,609516129032258;30,0159;20,8732;731,895
1996-06-01;18,775773333333333;22,4201;17,0959;563,2732
1996-07-01;16,45401935483871;21,2581;14,5355;510,0746
1996-08-01;14,533816129032257;21,6442;12,7537;450,5483
1996-09-01;28,16662;86,6239;12,4024;844,9986
1996-10-01;27,460464516129033;50,2449;16,3569;851,2744
1996-11-01;64,85226666666667;195,6037;20,4895;1945,568
1996-12-01;61,923390322580644;131,6371;39,2564;1919,6251
1997-01-01;115,21470645161291;191,9399;68,2549;3571,6559
1997-02-01;68,20194642857143;137,558;48,4551;1909,6545
1997-03-01;59,60655806451613;146,9196;38,3986;1847,8033
1997-04-01;40,31734666666667;64,0138;34,1617;1209,5204
1997-05-01;31,846729032258065;40,5492;27,9796;987,2486
1997-06-01;32,01981;61,6788;25,9693;960,5943
1997-07-01;23,49789032258065;25,9693;21,2581;728,4346
1997-08-01;18,973906451612905;20,8732;17,0959;588,1911
1997-09-01;18,26518666666667;29,1984;15,2595;547,9556
1997-10-01;20,502174193548388;40,1174;14,5355;635,5674
1997-11-01;32,26232666666667;83,7507;14,5355;967,8697999999999
1997-12-01;43,47272258064516;87,7812;26,7702;1347,6544
1998-01-01;44,1591870967742;67,7813;25,5704;1368,9348
1998-02-01;48,827932142857144;97,2003;25,1726;1367,1821
1998-03-01;42,05996774193548;99,599;28,3848;1303,859
1998-04-01;34,3845;91,28;24,776;1031,535
1998-05-01;25,974448387096775;39,6865;20,8732;805,2079
1998-06-01;21,64142;38,8271;18,5907;649,2426
1998-07-01;16,446351612903225;18,5907;14,8967;509,83689999999996
1998-08-01;15,167983870967742;19,3463;12,4024;470,2075
1998-09-01;11,673273333333333;12,7537;10,6728;350,1982
1998-10-01;19,60298387096774;32,0769;12,7537;607,6925
1998-11-01;21,20124;52,0461;14,8967;636,0372
1998-12-01;29,09393548387097;66,8359;17,0959;901,912
1999-01-01;60,26395483870968;112,4707;26,7702;1868,1826
1999-02-01;48,53196785714285;73,6493;33,325;1358,8951
1999-03-01;54,14279677419355;99,599;34,1617;1678,4267
1999-04-01;28,876483333333333;41,8493;23,2007;866,2945
1999-05-01;20,464529032258064;23,2007;18,2149;634,4004
1999-06-01;18,486366666666665;23,2007;16,7257;554,591
1999-07-01;15,559164516129032;18,9679;14,1759;482,3341
1999-08-01;12,308654838709678;14,1759;10,6728;381,5683
1999-09-01;10,591783333333332;12,7537;8,9916;317,7535
1999-10-01;9,697429032258064;20,4895;7,3644;300,6203
1999-11-01;12,047733333333333;19,7261;7,6852;361,432
1999-12-01;31,44986774193548;70,9125;8,0084;974,9458999999999
2000-01-01;84,34859677419355;186,8451;30,0159;2614,8065
2000-02-01;70,02597241379311;151,6681;40,1174;2030,7532
2000-03-01;47,049529032258064;108,746;33,325;1458,5354
2000-04-01;30,302376666666664;42,7201;23,9861;909,0713
2000-05-01;21,615170967741935;24,3805;19,7261;670,0703
2000-06-01;17,95794;19,7261;16,3569;538,7382
2000-07-01;16,434132258064515;18,9679;15,2595;509,4581
2000-08-01;14,052977419354837;15,2595;12,4024;435,6423
2000-09-01;22,87408333333333;48,4551;14,5355;686,2225
2000-10-01;13,610409677419355;24,776;10,3326;421,9227
2000-11-01;24,407406666666667;87,7812;9,658;732,2222
2000-12-01;34,62492580645161;57,0558;19,3463;1073,3727
2001-01-01;29,258525806451612;52,0461;17,0959;907,0142999999999
2001-02-01;23,415903571428572;35,002;15,9896;655,6453
2001-03-01;18,5626;52,4981;13,1068;575,4406
2001-04-01;14,866276666666666;32,0769;10,3326;445,9883
2001-05-01;12,28634193548387;18,9679;9,658;380,8766
2001-06-01;9,599193333333334;11,7051;8,0084;287,9758
2001-07-01;7,479664516129032;8,0084;7,0461;231,8696
2001-08-01;6,551925806451613;14,1759;5,494;203,1097
2001-09-01;8,199526666666666;13,8179;5,7989;245,98579999999998
2001-10-01;13,506083870967743;35,002;7,6852;418,6886
2001-11-01;19,68726333333333;42,7201;8,3339;590,6179
2001-12-01;50,48007419354839;146,9196;19,3463;1564,8823
2002-01-01;61,39896774193548;114,9743;35,002;1903,368
2002-02-01;76,44174285714287;128,3813;49,7964;2140,3688
2002-03-01;40,316777419354835;72,0035;28,7911;1249,8201
2002-04-01;25,152826666666666;36,2692;19,3463;754,5848
2002-05-01;19,234909677419356;22,8098;17,0959;596,2822
2002-06-01;14,866466666666666;16,7257;13,4615;445,99399999999997
2002-07-01;12,905729032258066;14,5355;11,7051;400,0776
2002-08-01;10,568812903225806;13,4615;8,9916;327,6332
2002-09-01;12,06437;23,2007;8,9916;361,9311
2002-10-01;8,71931935483871;22,0315;5,494;270,2989
2002-11-01;20,29064;38,8271;9,9942;608,7192
2002-12-01;36,756248387096775;97,2003;13,1068;1139,4437
2003-01-01;73,70062258064517;173,9327;22,0315;2284,7193
2003-02-01;53,187574999999995;136,2356;31,2496;1489,2521
2003-03-01;38,047145161290324;68,2549;27,1723;1179,4615000000001
2003-04-01;24,450196666666667;35,002;18,5907;733,5059
2003-05-01;19,945435483870966;37,5443;17,4675;618,3085
2003-06-01;15,414503333333332;18,5907;13,8179;462,4351
2003-07-01;13,497767741935483;18,2149;11,7051;418,4308
2003-08-01;10,929229032258066;12,0529;9,9942;338,8061
2003-09-01;9,764346666666667;12,4024;7,3644;292,9304
2003-10-01;10,27428064516129;16,3569;6,7303;318,5027
2003-11-01;13,945886666666667;28,7911;8,3339;418,3766
2003-12-01;35,73555161290323;112,4707;16,7257;1107,8021
2004-01-01;29,25208064516129;91,8671;15,2595;906,8145
2004-02-01;49,41581034482759;113,0951;21,2581;1433,0585
2004-03-01;46,563967741935485;78,652;29,1984;1443,483
2004-04-01;47,947136666666665;119,3946;30,0159;1438,4141
2004-05-01;27,639003225806455;47,1204;23,5928;856,8091000000001
2004-06-01;23,76745;31,2496;19,7261;713,0235
2004-07-01;18,695151612903228;24,3805;15,9896;579,5497
2004-08-01;13,918532258064515;15,9896;12,4024;431,4745
2004-09-01;12,228996666666665;20,4895;9,658;366,8699
2004-10-01;16,205370967741935;23,9861;9,658;502,3665
2004-11-01;21,05375666666667;63,078;10,3326;631,6127
2004-12-01;57,33784516129032;132,9462;24,3805;1777,4732
2005-01-01;81,69236451612903;140,2141;38,8271;2532,4633
2005-02-01;64,48448214285715;121,9425;39,2564;1805,5655
2005-03-01;44,33314193548387;59,822;33,325;1374,3274000000001
2005-04-01;31,4258;45,3511;26,7702;942,774
2005-05-01;32,09496451612903;88,3615;22,0315;994,9439
2005-06-01;24,8179;29,1984;22,0315;744,537
2005-07-01;20,571106451612902;23,5928;18,9679;637,7043
2005-08-01;16,02020322580645;18,9679;14,1759;496,6263
2005-09-01;15,56848;28,3848;13,4615;467,0544
2005-10-01;13,484312903225806;18,2149;11,015;418,0137
2005-11-01;21,45283;31,6628;13,8179;643,5849
2005-12-01;47,1304;93,6349;22,8098;1461,0424
2006-01-01;35,23883225806452;81,473;19,3463;1092,4038
2006-02-01;34,701117857142854;58,8973;20,4895;971,6313
2006-03-01;48,51229677419355;93,0445;25,1726;1503,8812
2006-04-01;24,935873333333333;35,002;20,1072;748,0762
2006-05-01;19,181151612903225;28,7911;16,3569;594,6157
2006-06-01;14,936123333333333;15,9896;13,8179;448,08369999999996
2006-07-01;12,526290322580644;14,8967;10,6728;388,315
2006-08-01;10,716354838709677;13,4615;9,3237;332,207
2006-09-01;12,684616666666667;26,7702;8,3339;380,5385
2006-10-01;16,541206451612904;44,471;9,9942;512,7774000000001
2006-11-01;30,913496666666667;73,6493;9,658;927,4049
2006-12-01;65,5919935483871;160,6042;24,776;2033,3518
2007-01-01;120,96064838709677;178,2064;70,3688;3749,7801
2007-02-01;71,42508214285714;153,033;41,8493;1999,9023
2007-03-01;38,12991290322581;64,9521;30,0159;1182,0273
2007-04-01;29,314933333333332;41,8493;24,3805;879,448
2007-05-01;23,184048387096777;33,325;20,1072;718,7055
2007-06-01;19,78109;23,5928;17,0959;593,4327
2007-07-01;16,077319354838707;18,5907;14,8967;498,39689999999996
2007-08-01;13,127451612903226;15,2595;11,3591;406,951
2007-09-01;9,75719;11,3591;8,0084;292,71569999999997
2007-10-01;12,077935483870968;29,6066;7,0461;374,416
2007-11-01;20,370263333333334;38,3986;12,7537;611,1079
2007-12-01;27,009658064516127;57,0558;12,4024;837,2994
2008-01-01;42,298535483870964;84,8966;13,8179;1311,2546
2008-02-01;55,135813793103445;95,4127;32,492;1598,9386
2008-03-01;64,44185806451613;164,0811;33,325;1997,6976
2008-04-01;49,67034666666667;126,4394;34,5814;1490,1104
2008-05-01;30,92454193548387;38,8271;25,5704;958,6608
2008-06-01;21,952416666666668;25,5704;20,1072;658,5725
2008-07-01;18,08011612903226;20,8732;15,9896;560,4836
2008-08-01;15,927154838709678;23,2007;13,1068;493,7418
2008-09-01;17,43047;29,1984;12,4024;522,9141
2008-10-01;19,77554193548387;33,7429;12,7537;613,0418
2008-11-01;39,171573333333335;91,28;19,7261;1175,1472
2008-12-01;55,934867741935484;127,733;15,9896;1733,9809
2009-01-01;73,48434838709677;173,2234;38,3986;2278,0148
2009-02-01;88,8086892857143;148,2717;55,6815;2486,6433
2009-03-01;65,89228387096774;211,9648;41,4151;2042,6608
2009-04-01;61,655210000000004;157,8385;39,2564;1849,6563
2009-05-01;34,74512258064516;41,8493;30,0159;1077,0988
2009-06-01;28,717593333333333;42,7201;25,1726;861,5278
2009-07-01;25,360451612903226;32,492;22,0315;786,174
2009-08-01;20,231490322580644;25,9693;18,2149;627,1762
2009-09-01;27,687566666666665;75,8607;17,4675;830,627
2009-10-01;35,353858064516125;77,5319;20,4895;1095,9696
2009-11-01;31,094060000000002;48,0095;22,0315;932,8218
2009-12-01;80,33887741935484;284,1053;30,0159;2490,5052
2010-01-01;75,13565161290322;172,5149;48,0095;2329,2052
2010-02-01;40,54976428571428;79,2139;31,2496;1135,3934
2010-03-01;51,63818709677419;85,4712;35,4235;1600,7838
2010-04-01;35,43735;65,8928;26,7702;1063,1205
2010-05-01;26,650067741935484;30,0159;23,5928;826,1521
2010-06-01;;;;0,0
2010-07-01;18,931987096774193;25,1726;16,3569;586,8916
2010-08-01;14,541348387096773;16,3569;12,7537;450,7818
2010-09-01;13,42102;21,2581;11,7051;402,6306
2010-10-01;20,481770967741934;68,2549;13,1068;634,9349
2010-11-01;38,015049999999995;63,5456;20,8732;1140,4515
2010-12-01;53,14646774193549;187,5705;18,5907;1647,5405
2011-01-01;136,3325806451613;504,4747;57,0558;4226,31
2011-02-01;47,40365714285714;65,8928;40,9817;1327,3024
2011-03-01;56,00488387096774;77,5319;40,9817;1736,1514
2011-04-01;39,679089999999995;69,2851;31,6628;1190,3727
2011-05-01;25,068222580645163;28,7911;22,4201;777,1149
2011-06-01;25,95268666666667;35,002;23,2007;778,5806
2011-07-01;20,782506451612903;23,2007;18,9679;644,2577
2011-08-01;17,466190322580648;20,1072;15,2595;541,4519
2011-09-01;13,596213333333333;14,8967;12,4024;407,8864
2011-10-01;17,38382580645161;37,5443;11,7051;538,8986
2011-11-01;18,610406666666666;26,7702;13,8179;558,3122
2011-12-01;64,70971935483871;140,2141;19,7261;2006,0013
2012-01-01;88,23629032258064;189,0236;39,6865;2735,325
2012-02-01;52,27686896551724;102,6216;36,6934;1516,0292
2012-03-01;43,01196451612903;76,9737;30,8374;1333,3709
2012-04-01;31,195146666666666;47,1204;27,5754;935,8543999999999
2012-05-01;28,12625806451613;43,1567;23,5928;871,914
2012-06-01;27,3329;48,9015;22,0315;819,987
2012-07-01;21,444374193548384;24,3805;18,2149;664,7755999999999
2012-08-01;16,609896774193547;18,2149;15,2595;514,9068
2012-09-01;13,41215;15,6238;11,3591;402,3645
2012-10-01;12,961487096774194;24,3805;9,658;401,8061
2012-11-01;20,914583333333333;35,8459;12,4024;627,4375
2012-12-01;27,204470967741937;49,3486;15,6238;843,3386
2013-01-01;96,55236774193548;210,4615;18,2149;2993,1234
2013-02-01;67,369475;129,0305;35,8459;1886,3453
2013-03-01;43,986358064516125;72,5509;32,0769;1363,5771
2013-04-01;36,4343;68,7452;26,7702;1093,029
2013-05-01;25,539416129032258;38,8271;22,8098;791,7219
2013-06-01;23,569443333333332;28,3848;21,2581;707,0833
2013-07-01;20,604587096774193;27,9796;18,5907;638,7422
2013-08-01;15,351596774193547;18,2149;12,7537;475,8995
2013-09-01;14,441093333333333;23,5928;12,4024;433,2328
2013-10-01;20,237190322580645;40,9817;13,4615;627,3529
2013-11-01;22,378539999999997;59,822;12,4024;671,3562
2013-12-01;40,23157096774193;80,3411;25,1726;1247,1787
2014-01-01;21,010412903225806;39,6865;14,5355;651,3228
2014-02-01;15,19410357142857;48,9015;10,3326;425,43489999999997
2014-03-01;12,855638709677418;21,6442;9,3237;398,52479999999997
2014-04-01;12,789243333333333;21,2581;9,658;383,6773
2014-05-01;8,827564516129032;10,3326;7,6852;273,6545
2014-06-01;;;;0,0
2014-07-01;;;;0,0
2014-08-01;;;;0,0
2014-09-01;;;;0,0
2014-10-01;;;;0,0
2015-01-01;11,540970967741936;22,4201;6,1066;357,7701
2015-02-01;19,47919285714286;41,4151;12,0529;545,4174
2015-03-01;24,661193548387097;61,6788;8,9916;764,497
2015-04-01;16,830423333333332;29,4695;12,6686;504,9127
2015-05-01;12,792225806451613;20,6726;10,6666;396,559
2015-06-01;10,272496666666665;12,6686;9,3072;308,1749
2015-07-01;8,461293548387097;9,3072;7,758;262,3001
2015-08-01;7,017893548387097;10,1156;6,0713;217,5547
2015-09-01;11,097153333333333;25,6812;6,3039;332,9146
2015-10-01;6,7336580645161295;10,9457;4,5258;208,7434
2015-11-01;24,523983333333334;54,0466;8,2641;735,7195
2015-12-01;33,00696774193548;62,3645;18,6373;1023,216
2016-01-01;58,19553548387097;198,5494;18,5929;1804,0616
2016-02-01;37,32739310344828;65,5319;23,4354;1082,4944
2016-03-01;33,82224516129032;66,5979;20,6726;1048,4895999999999
2016-04-01;19,497386666666667;31,0319;14,7799;584,9216
2016-05-01;15,28088064516129;17,9743;13,8621;473,7073
2016-06-01;18,769556666666666;31,0319;14,1659;563,0867
2016-07-01;12,404496774193548;14,1659;11,2271;384,5394
2016-08-01;11,205303225806452;14,1659;10,3899;347,3644
2016-09-01;9,587803333333333;12,9637;8,0097;287,6341
2016-10-01;14,67391935483871;26,0523;7,758;454,8915
2016-11-01;25,811159999999997;84,8966;11,4834;774,3348
2016-12-01;27,9361935483871;43,1138;15,4023;866,022
2017-01-01;37,8985935483871;80,9064;14,4718;1174,8564000000001
2017-02-01;22,552985714285715;70,3688;12,9637;631,4836
2017-03-01;20,495777419354837;43,4493;15,0541;635,3691
2017-04-01;15,421809999999999;27,5541;12,9637;462,6543
2017-05-01;15,359641935483872;24,5783;11,5108;476,1489
2017-06-01;12,429336666666666;15,7167;10,9457;372,88009999999997
2017-07-01;9,953316129032258;10,9457;9,0426;308,5528
2017-08-01;8,825996774193548;9,8437;8,2641;273,6059
2017-09-01;6,959806666666666;9,3072;6,0713;208,7942
2017-10-01;11,092619354838709;27,5541;7,2624;343,8712
2017-11-01;14,200406666666668;46,2188;8,0097;426,0122
2017-12-01;14,766703225806452;31,0319;9,5742;457,7678
2018-01-01;33,616529032258065;74,7526;16,9542;1042,1124
2018-02-01;20,20965;32,2208;15,09;565,8702
2018-03-01;20,888051612903226;32,2208;12,3758;647,5296
2018-04-01;11,215783333333333;16,9947;9,0426;336,4735
2018-05-01;8,465661290322581;9,3072;8,0097;262,4355
2018-06-01;7,854736666666667;8,7806;7,0186;235,6421
2018-07-01;6,173758064516129;7,0186;5,3909;191,38649999999998
2018-08-01;8,391835483870969;17,3192;5,6148;260,1469
2018-09-01;7,34397;13,8621;5,3909;220,3191
2018-10-01;12,42428064516129;34,2344;7,758;385,1527
2018-11-01;22,75816;86,6239;8,0097;682,7448
2018-12-01;34,25100967741936;81,473;18,2612;1061,7813
2019-01-01;24,45537741935484;41,3714;16,3516;758,1167
2019-02-01;27,475007142857145;53,4477;14,4374;769,3002
2019-03-01;44,40953870967742;104,4479;20,9685;1376,6957
2019-04-01;21,48737;40,509;16,0331;644,6211
2019-05-01;14,834022580645161;22,7757;12,6686;459,8547
2019-06-01;11,719836666666668;12,9637;10,3899;351,5951
2019-07-01;9,719525806451612;10,6666;8,521;301,3053
2019-08-01;8,134729032258065;8,7806;7,5088;252,1766
2019-09-01;10,07891;16,9947;8,2641;302,3673
2019-10-01;10,47384193548387;25,3118;7,2624;324,6891
2019-11-01;14,084399999999999;27,9338;8,0097;422,532
2019-12-01;22,46932580645161;42,2396;13,2609;696,5491
2020-01-01;29,97454193548387;57,3842;15,4023;929,2108
2020-02-01;67,07594137931034;135,5758;21,6642;1945,2023
2020-03-01;45,26874838709678;117,4941;25,3118;1403,3312
2020-04-01;23,83438;34,2344;17,3192;715,0314
2020-05-01;16,782890322580645;19,3081;15,7167;520,2696
2020-06-01;14,087886666666666;16,0331;12,3758;422,6366
2020-07-01;11,215403225806451;12,3758;10,1156;347,6775
2020-08-01;9,68554193548387;11,7969;9,0426;300,2518
2020-09-01;7,922420000000001;12,0852;6,0713;237,67260000000002
2020-10-01;7,056974193548387;8,0097;6,0713;218,7662
2020-11-01;14,09394;31,4265;7,2624;422,8182
2020-12-01;36,231648387096776;59,2441;13,5281;1123,1811
2021-01-01;37,852645161290326;75,8607;17,278;1173,432
2021-02-01;50,24876428571429;139,5487;23,8519;1406,9654
2021-03-01;34,02495806451613;62,3645;22,7757;1054,7737
2021-04-01;18,91744;24,2142;16,3516;567,5232
2021-05-01;15,144264516129033;16,3516;14,1659;469,4722
2021-06-01;14,854049999999999;21,7158;13,2609;445,62149999999997
2021-07-01;12,023812903225807;12,9637;11,2271;372,7382
2021-08-01;10,465703225806452;11,2271;9,5742;324,4368
2021-09-01;10,483186666666667;17,3192;8,7806;314,4956
2021-10-01;17,459822580645163;29,8576;9,8437;541,2545
2021-11-01;18,97653;51,2383;12,6686;569,2959
2021-12-01;23,910206451612904;58,8344;13,8621;741,2164
2022-01-01;66,38135806451612;147,5952;27,1114;2057,8221
2022-02-01;72,80459285714286;153,7168;37,8676;2038,5286
2022-03-01;30,170274193548387;46,557;23,4354;935,2785
2022-04-01;27,385693333333332;56,768;19,5996;821,5708
2022-05-01;17,717009677419355;19,5996;16,3127;549,2273
2022-06-01;14,997023333333335;15,995;13,8291;449,9107
2022-07-01;12,52198064516129;13,8291;11,4834;388,1814
2022-08-01;11,249735483870968;13,8291;10,0915;348,7418
2022-09-01;11,972603333333332;24,1566;9,0211;359,1781
2022-10-01;17,290425806451612;31,3517;11,2004;536,0032
2022-11-01;18,88586666666667;47,9102;11,7688;566,576
2022-12-01;42,33853548387097;148,2718;16,3127;1312,4946
2023-01-01;102,2173;161,9923;64,471;3168,7363
2023-02-01;63,381453571428565;98,3975;44,3301;1774,6807
2023-03-01;52,3621064516129;89,5255;37,4487;1623,2253
2023-04-01;35,45442666666667;44,7726;30,5659;1063,6328
2023-05-01;26,802819354838707;41,7053;23,7951;830,8874
2023-06-01;21,260753333333334;24,1566;19,2621;637,8226
2023-07-01;17,52752258064516;18,9266;15,995;543,3532
2023-08-01;15,203493548387096;20,9685;13,5281;471,3083
2023-09-01;13,25983;16,3127;10,9196;397,7949
2023-10-01;16,655548387096776;24,1566;12,6385;516,322
2023-11-01;18,365903333333332;31,7471;10,6412;550,9771
2023-12-01;42,33853548387097;148,2718;16,3127;1312,4946
